Title,Link
React Documentation,https://react.dev
TypeScript Handbook,https://www.typescriptlang.org/docs/
Tailwind CSS,https://tailwindcss.com
Vite Guide,https://vitejs.dev/guide/
shadcn/ui Components,https://ui.shadcn.com
Fuse.js Search,https://fusejs.io
React Router,https://reactrouter.com
Radix UI Primitives,https://www.radix-ui.com
Lucide Icons,https://lucide.dev
React Query,https://tanstack.com/query
Next.js Docs,https://nextjs.org/docs
MDN Web Docs,https://developer.mozilla.org
CSS Tricks,https://css-tricks.com
Web.dev Guides,https://web.dev
JavaScript Info,https://javascript.info
Node.js Documentation,https://nodejs.org/docs
npm Registry,https://www.npmjs.com
GitHub Guides,https://docs.github.com
Stack Overflow,https://stackoverflow.com
Dev.to Community,https://dev.to
Frontend Masters,https://frontendmasters.com
Egghead.io,https://egghead.io
Udemy Courses,https://www.udemy.com
Coursera,https://www.coursera.org
freeCodeCamp,https://www.freecodecamp.org
Codecademy,https://www.codecademy.com
W3Schools,https://www.w3schools.com
Can I Use,https://caniuse.com
Bundlephobia,https://bundlephobia.com
npm Trends,https://npmtrends.com
WebAIM Resources,https://webaim.org
A11y Project,https://www.a11yproject.com
